/index_*					/						301
/index.php					/						301

/cosplay.*					/cosplay-photography	301
/cosplay_*					/cosplay-photography	301
/cosplay-photography.php	/cosplay-photography	301
/cosplayphotography.php		/cosplay-photography	301

/prices.php					/prices					301

/street.php					/street-photography		301
/street_photography*		/street-photography		301

/portraits*					/street-portraits		301
/street_portraits*			/street-portraits		301

/tandcs.php					/tandcs					301

/terms.php					/terms					301
